tps,count,status
100,1001358.1198567547,2xx
100,0,3xx
100,46056.76146327482,4xx
100,0,5xx
200,999457.4120429835,2xx
200,0,3xx
200,61627.503783997774,4xx
200,0,5xx
300,995363.9952697011,2xx
300,0,3xx
300,56344.60903245091,4xx
300,0,5xx
400,1012798.0568991344,2xx
400,0,3xx
400,84282.20078210096,4xx
400,0,5xx
500,1057076.7747798455,2xx
500,0,3xx
500,81531.96251606218,4xx
500,0,5xx
600,1028164.2482906906,2xx
600,0,3xx
600,57122.769886235415,4xx
600,0,5xx
700,984263.880066161,2xx
700,0,3xx
700,6286.310833152143,4xx
700,0,5xx
800,1050758.114258239,2xx
800,0,3xx
800,17236.10372517925,4xx
800,0,5xx
900,1046669.999998126,2xx
900,0,3xx
900,56411.716678915494,4xx
900,0,5xx
1000,1026915.6923124172,2xx
1000,0,3xx
1000,16846.914517202327,4xx
1000,0,5xx
1100,959811.2088539534,2xx
1100,0,3xx
1100,96834.59644090912,4xx
1100,0,5xx
1200,1096932.269312069,2xx
1200,0,3xx
1200,50273.942154291,4xx
1200,0,5xx
1300,1066270.0088308717,2xx
1300,0,3xx
1300,84283.51530941733,4xx
1300,0,5xx
1400,996764.35139601,2xx
1400,0,3xx
1400,39895.81341549035,4xx
1400,0,5xx
1500,1085559.4931047303,2xx
1500,0,3xx
1500,84834.65874934697,4xx
1500,0,5xx
1600,1017661.6873071771,2xx
1600,0,3xx
1600,5405.383450562851,4xx
1600,0,5xx
1700,1097171.6425910995,2xx
1700,0,3xx
1700,57310.49757570366,4xx
1700,0,5xx
1800,908449.4124932834,2xx
1800,0,3xx
1800,61726.70358420667,4xx
1800,0,5xx
1900,1029811.6641445316,2xx
1900,0,3xx
1900,98062.06602652896,4xx
1900,60577.15671438421,5xx
2000,913109.2605067343,2xx
2000,0,3xx
2000,63856.14913398816,4xx
2000,114138.65756334178,5xx
2100,875049.869444099,2xx
2100,0,3xx
2100,91729.7951603919,4xx
2100,175009.9738888198,5xx
2200,711227.5576249391,2xx
2200,0,3xx
2200,46027.12568191822,4xx
2200,203207.87360712548,5xx
2300,681666.4899086936,2xx
2300,0,3xx
2300,27121.836619145488,4xx
2300,262179.4191956514,5xx
2400,646811.6173972132,2xx
2400,0,3xx
2400,14675.76388911882,4xx
2400,323405.80869860656,5xx
